,#Pdb,Mutation(s)_PDB,Mutation(s)_cleaned,iMutation_Location(s),Hold_out_type,Hold_out_proteins,Affinity_mut (M),Affinity_mut_parsed,Affinity_wt (M),Affinity_wt_parsed,Reference,Protein 1,Protein 2,Temperature,kon_mut (M^(-1)s^(-1)),kon_mut_parsed,kon_wt (M^(-1)s^(-1)),kon_wt_parsed,koff_mut (s^(-1)),koff_mut_parsed,koff_wt (s^(-1)),koff_wt_parsed,dH_mut (kcal mol^(-1)),dH_wt (kcal mol^(-1)),dS_mut (cal mol^(-1) K^(-1)),dS_wt (cal mol^(-1) K^(-1)),Notes,Method,SKEMPI version
969,1JTG_A_B,"NA100A,RB160A","NA75A,RB160A","RIM,RIM",,"1XXM_A_C,1S0W_A_C,1JTG_A_B,2G2U_A_B,2G2W_A_B,3N4I_A_B,1JTD_A_B,3QHY_A_B",6.83E-08,6.83e-08,4.77E-09,4.77e-09,17070843,TEM-1 beta-lactamase,BLIP,298,50300.0,50300.0,67000.0,67000.0,1.77E-03,0.00177,1.5E-04,0.00015,,,,,SPR kinetic data provided by Gideon Schreiber. Mutations had greater effect when measured with stopped-flow fluorescence.,SPR,1
991,1JTG_A_B,"NA100A,RB160A","NA75A,RB160A","RIM,RIM",,"1XXM_A_C,1S0W_A_C,1JTG_A_B,2G2U_A_B,2G2W_A_B,3N4I_A_B,1JTD_A_B,3QHY_A_B",6.83E-08,6.83e-08,4.77E-09,4.77e-09,17070843,TEM-1 beta-lactamase,BLIP,298,50300.0,50300.0,67000.0,67000.0,1.77E-03,0.00177,1.5E-04,0.00015,,,,,SPR kinetic data provided by Gideon Schreiber. Mutations had greater effect when measured with stopped-flow fluorescence.,SPR,1
3709,3D3V_ABC_DE,YC8A,YC8A,COR,TCR/pMHC,"TCR/pMHC,1JCK_A_B",2.75E-04,0.000275,8.65E-07,8.65e-07,23736024,HLA-A2 plus tax peptide,A6 TCR,298,,,,,,,,,,,,,"YC5 is 2,4-difluorinated",SPR,2
3727,3D3V_ABC_DE,YC8A,YC8A,COR,TCR/pMHC,"TCR/pMHC,1JCK_A_B",2.75E-04,0.000275,8.65E-07,8.65e-07,23736024,HLA-A2 plus tax peptide,A6 TCR,298,,,,,,,,,,,,,"YC5 is 2,4-difluorinated",SPR,2
4919,1MHP_HL_A,FH99W,FH99W,SUR,AB/AG,AB/AG,8.5E-09,8.5e-09,8.5E-09,8.5e-09,16597831,AQC2 fab,Integrin alpha-1,298(assumed),,,,,,,,,,,,,,KinExA,2
4922,1MHP_HL_A,FH99W,FH99W,SUR,AB/AG,AB/AG,8.5E-09,8.5e-09,8.5E-09,8.5e-09,16597831,AQC2 fab,Integrin alpha-1,298(assumed),,,,,,,,,,,,,,KinExA,2
4993,1MHP_HL_A,FH99W,FH99W,SUR,AB/AG,AB/AG,8.5E-09,8.5e-09,8.5E-09,8.5e-09,16597831,AQC2 fab,Integrin alpha-1,298(assumed),,,,,,,,,,,,,,ELISA,2
4994,1MHP_HL_A,FH99Y,FH99Y,SUR,AB/AG,AB/AG,3.04E-08,3.04e-08,8.5E-09,8.5e-09,16597831,AQC2 fab,Integrin alpha-1,298(assumed),,,,,,,,,,,,,,ELISA,2
5011,1MHP_HL_A,FH99W,FH99W,SUR,AB/AG,AB/AG,8.5E-09,8.5e-09,8.5E-09,8.5e-09,16597831,AQC2 fab,Integrin alpha-1,298(assumed),,,,,,,,,,,,,,ELISA,2
5012,1MHP_HL_A,FH99Y,FH99Y,SUR,AB/AG,AB/AG,3.04E-08,3.04e-08,8.5E-09,8.5e-09,16597831,AQC2 fab,Integrin alpha-1,298(assumed),,,,,,,,,,,,,,ELISA,2
5036,2B2X_HL_A,"VH50T,EH64K,QL28S,YL52N,FH99W","VH50T,EH64K,QL28S,YL52N,FH99W","SUP,SUR,RIM,RIM,COR",AB/AG,AB/AG,8.5E-09,8.5e-09,1.46E-09,1.46e-09,16597831,AQC2 fab,Integrin alpha-1,298(assumed),,,,,,,,,,,,,Crystal structure is the affinity matured fab reported in the paper. This is taken as 'wild-type',KinExA,2
5039,2B2X_HL_A,"VH50T,EH64K,QL28S,YL52N,FH99W","VH50T,EH64K,QL28S,YL52N,FH99W","SUP,SUR,RIM,RIM,COR",AB/AG,AB/AG,8.5E-09,8.5e-09,1.46E-09,1.46e-09,16597831,AQC2 fab,Integrin alpha-1,298(assumed),,,,,,,,,,,,,Crystal structure is the affinity matured fab reported in the paper. This is taken as 'wild-type',KinExA,2
5109,2B2X_HL_A,"VH50T,EH64K,QL28S,YL52N,FH99W","VH50T,EH64K,QL28S,YL52N,FH99W","SUP,SUR,RIM,RIM,COR",AB/AG,AB/AG,8.5E-09,8.5e-09,1.46E-09,1.46e-09,16597831,AQC2 fab,Integrin alpha-1,298(assumed),,,,,,,,,,,,,Crystal structure is the affinity matured fab reported in the paper. This is taken as 'wild-type',ELISA,2
5110,2B2X_HL_A,"VH50T,EH64K,QL28S,YL52N,FH99Y","VH50T,EH64K,QL28S,YL52N,FH99Y","SUP,SUR,RIM,RIM,COR",AB/AG,AB/AG,3.04E-08,3.04e-08,1.46E-09,1.46e-09,16597831,AQC2 fab,Integrin alpha-1,298(assumed),,,,,,,,,,,,,Crystal structure is the affinity matured fab reported in the paper. This is taken as 'wild-type',ELISA,2
5127,2B2X_HL_A,"VH50T,EH64K,QL28S,YL52N,FH99W","VH50T,EH64K,QL28S,YL52N,FH99W","SUP,SUR,RIM,RIM,COR",AB/AG,AB/AG,8.5E-09,8.5e-09,1.46E-09,1.46e-09,16597831,AQC2 fab,Integrin alpha-1,298(assumed),,,,,,,,,,,,,Crystal structure is the affinity matured fab reported in the paper. This is taken as 'wild-type',ELISA,2
5128,2B2X_HL_A,"VH50T,EH64K,QL28S,YL52N,FH99Y","VH50T,EH64K,QL28S,YL52N,FH99Y","SUP,SUR,RIM,RIM,COR",AB/AG,AB/AG,3.04E-08,3.04e-08,1.46E-09,1.46e-09,16597831,AQC2 fab,Integrin alpha-1,298(assumed),,,,,,,,,,,,,Crystal structure is the affinity matured fab reported in the paper. This is taken as 'wild-type',ELISA,2
6855,5M2O_A_B,"EA84A,HA121A","EA80A,HA117A","RIM,SUP",,"5M2O_A_B,4UYP_A_D,4UYQ_A_B",6.06E-07,6.06e-07,8.47E-09,8.47e-09,28389644,R. flavefaciens ScaB cohesin 3,R. flavefaciens Doc1a dockerin,308,,,,,,,,,-66.86,-50.68,-189.0909090909,-128.0519480519,,ITC,2
6859,5M2O_A_B,"EA84A,HA121A","EA80A,HA117A","RIM,SUP",,"5M2O_A_B,4UYP_A_D,4UYQ_A_B",6.06E-07,6.06e-07,8.47E-09,8.47e-09,28389644,R. flavefaciens ScaB cohesin 3,R. flavefaciens Doc1a dockerin,308,,,,,,,,,-66.86,-50.68,-189.0909090909,-128.0519480519,,ITC,2
6905,5UFE_A_B,GA12D,GA12D,SUR,,"5UFE_A_B,5UFQ_A_C,1K8R_A_B,1HE8_A_B",6.4E-09,6.4e-09,5.03E-08,5.03e-08,28724936,K-Ras,R11.1.6,298(assumed),,,,,,,,,,,,,,SP,2
6909,5UFQ_A_C,DA12G,DA12G,SUR,,"5UFE_A_B,5UFQ_A_C,1K8R_A_B,1HE8_A_B",5.03E-08,5.03e-08,6.4E-09,6.4e-09,28724936,K-Ras,R11.1.6,298(assumed),,,,,,,,,,,,,Crystal structure is one of the mutants in the paper. This mutant is taken as 'wild-type',SP,2
6916,5UFE_A_B,GA12D,GA12D,SUR,,"5UFE_A_B,5UFQ_A_C,1K8R_A_B,1HE8_A_B",6.4E-09,6.4e-09,5.03E-08,5.03e-08,28724936,K-Ras,R11.1.6,298(assumed),,,,,,,,,,,,,,SP,2
6919,5UFQ_A_C,DA12G,DA12G,SUR,,"5UFE_A_B,5UFQ_A_C,1K8R_A_B,1HE8_A_B",5.03E-08,5.03e-08,6.4E-09,6.4e-09,28724936,K-Ras,R11.1.6,298(assumed),,,,,,,,,,,,,Crystal structure is one of the mutants in the paper. This mutant is taken as 'wild-type',SP,2
